{
  "test1": {
    "total_events": 299,
    "correct": 0,
    "accuracy": 0.0,
    "avg_prob_actual": 0.08990295664167906,
    "by_type": {
      "4": {
        "count": 156,
        "correct": 0,
        "avg_prob": 0.12339795393800383
      },
      "6": {
        "count": 80,
        "correct": 0,
        "avg_prob": 0.05476340596791755
      },
      "W": {
        "count": 63,
        "correct": 0,
        "avg_prob": 0.05158461498571482
      }
    }
  },
  "test2": {
    "n_events": 163,
    "rmse": 0.36798767039364155,
    "mae": 0.24281306915233616,
    "correlation": 0.540117916343058,
    "bias": 0.030104415014758693
  }
}