{
  "test1": {
    "total_events": 299,
    "correct": 0,
    "accuracy": 0.0,
    "avg_prob_actual": 0.097220358737178,
    "by_type": {
      "4": {
        "count": 156,
        "correct": 0,
        "avg_prob": 0.1277320818669668
      },
      "6": {
        "count": 80,
        "correct": 0,
        "avg_prob": 0.07305893044235398
      },
      "W": {
        "count": 63,
        "correct": 0,
        "avg_prob": 0.052348699298112436
      }
    }
  },
  "test2": {
    "n_events": 136,
    "rmse": 0.1498019679559252,
    "mae": 0.08973318457971355,
    "correlation": 0.9347987712036466,
    "bias": -0.05114530435473123
  }
}