{
  "test1": {
    "total_events": 299,
    "correct": 0,
    "accuracy": 0.0,
    "avg_prob_actual": 0.097220358737178,
    "by_type": {
      "4": {
        "count": 156,
        "correct": 0,
        "avg_prob": 0.1277320818669668
      },
      "6": {
        "count": 80,
        "correct": 0,
        "avg_prob": 0.07305893044235398
      },
      "W": {
        "count": 63,
        "correct": 0,
        "avg_prob": 0.052348699298112436
      }
    }
  },
  "test2": {
    "n_events": 163,
    "rmse": 0.33664024091698613,
    "mae": 0.198153464988841,
    "correlation": 0.6340319460051046,
    "bias": 0.08061067667543925
  }
}